{
    "acc": 0.8237704918032787,
    "loss": 0.4683071775514571,
    "training_time": 74.5249195098877,
    "val_acc": 0.8104575163398693,
    "val_loss": 0.487183161031187,
    "step": 1
}
